model,subset,relation,rho,overlap,delta,p1_pos,p1_neg
pythia-1.4b,GoogleRE,date_of_birth,0.781,0.062,-0.945,0.0,0.001
pythia-1.4b,GoogleRE,place_of_birth,0.881,0.319,-0.621,0.111,0.047
pythia-1.4b,GoogleRE,place_of_death,0.907,0.063,-1.974,0.054,0.0
pythia-1.4b,TREx,P1001,0.937,0.738,0.075,0.589,0.531
pythia-1.4b,TREx,P101,0.944,0.243,0.453,0.076,0.132
pythia-1.4b,TREx,P103,0.904,0.605,-0.094,0.764,0.554
pythia-1.4b,TREx,P108,0.784,0.329,0.116,0.138,0.104
pythia-1.4b,TREx,P127,0.927,0.702,0.044,0.332,0.338
pythia-1.4b,TREx,P1303,0.841,0.087,-1.752,0.17,0.03
pythia-1.4b,TREx,P131,0.896,0.39,0.687,0.129,0.28
pythia-1.4b,TREx,P1376,0.844,0.795,-0.303,0.479,0.474
pythia-1.4b,TREx,P138,0.929,0.634,0.001,0.208,0.265
pythia-1.4b,TREx,P1412,0.916,0.294,0.288,0.393,0.222
pythia-1.4b,TREx,P159,0.908,0.571,0.017,0.242,0.244
pythia-1.4b,TREx,P17,0.897,0.332,1.436,0.063,0.273
pythia-1.4b,TREx,P176,0.925,0.879,0.242,0.597,0.638
pythia-1.4b,TREx,P178,0.909,0.804,0.457,0.72,0.753
pythia-1.4b,TREx,P19,0.879,0.323,-0.719,0.132,0.031
pythia-1.4b,TREx,P20,0.909,0.103,-1.921,0.17,0.004
pythia-1.4b,TREx,P264,0.938,0.459,0.231,0.0,0.0
pythia-1.4b,TREx,P276,0.902,0.509,0.461,0.299,0.306
pythia-1.4b,TREx,P279,0.927,0.592,-0.208,0.256,0.18
pythia-1.4b,TREx,P30,0.894,0.207,0.912,0.017,0.09
pythia-1.4b,TREx,P31,0.896,0.309,-0.164,0.198,0.188
pythia-1.4b,TREx,P36,0.855,0.1,-1.427,0.088,0.088
pythia-1.4b,TREx,P361,0.891,0.515,0.647,0.179,0.195
pythia-1.4b,TREx,P364,0.902,0.57,0.178,0.363,0.377
pythia-1.4b,TREx,P37,0.839,0.629,-0.305,0.545,0.507
pythia-1.4b,TREx,P39,0.929,0.389,0.918,0.028,0.028
pythia-1.4b,TREx,P407,0.885,0.453,0.305,0.058,0.04
pythia-1.4b,TREx,P449,0.955,0.218,0.152,0.176,0.154
pythia-1.4b,TREx,P463,0.937,0.662,0.786,0.444,0.707
pythia-1.4b,TREx,P47,0.907,0.576,-0.787,0.103,0.059
pythia-1.4b,TREx,P495,0.851,0.234,0.041,0.037,0.022
pythia-1.4b,TREx,P527,0.871,0.511,0.058,0.222,0.218
pythia-1.4b,TREx,P530,0.947,0.672,-0.437,0.019,0.015
pythia-1.4b,TREx,P740,0.839,0.071,0.021,0.015,0.03
pythia-1.4b,TREx,P937,0.943,0.428,-0.957,0.109,0.013
pythia-410m,GoogleRE,date_of_birth,0.799,0.084,-0.574,0.003,0.005
pythia-410m,GoogleRE,place_of_birth,0.931,0.437,-0.71,0.094,0.032
pythia-410m,GoogleRE,place_of_death,0.913,0.257,-0.961,0.039,0.003
pythia-410m,TREx,P1001,0.941,0.87,-0.025,0.641,0.645
pythia-410m,TREx,P101,0.916,0.432,-0.072,0.082,0.093
pythia-410m,TREx,P103,0.867,0.657,-0.318,0.732,0.574
pythia-410m,TREx,P108,0.505,0.026,-5.029,0.047,0.01
pythia-410m,TREx,P127,0.937,0.675,0.016,0.367,0.368
pythia-410m,TREx,P1303,0.854,0.101,-1.143,0.056,0.008
pythia-410m,TREx,P131,0.904,0.337,1.04,0.079,0.238
pythia-410m,TREx,P1376,0.862,0.726,-0.35,0.449,0.444
pythia-410m,TREx,P138,0.912,0.639,-0.547,0.268,0.211
pythia-410m,TREx,P1412,0.927,0.399,0.19,0.487,0.384
pythia-410m,TREx,P159,0.937,0.667,0.008,0.196,0.191
pythia-410m,TREx,P17,0.903,0.358,1.811,0.061,0.26
pythia-410m,TREx,P176,0.925,0.852,0.563,0.578,0.58
pythia-410m,TREx,P178,0.907,0.821,0.695,0.666,0.706
pythia-410m,TREx,P19,0.93,0.405,-0.825,0.105,0.016
pythia-410m,TREx,P20,0.917,0.224,-0.789,0.105,0.016
pythia-410m,TREx,P264,0.957,0.441,-0.048,0.0,0.0
pythia-410m,TREx,P276,0.902,0.52,0.245,0.248,0.26
pythia-410m,TREx,P279,0.959,0.746,0.048,0.217,0.206
pythia-410m,TREx,P30,0.902,0.246,1.331,0.013,0.044
pythia-410m,TREx,P31,0.899,0.334,-0.382,0.207,0.195
pythia-410m,TREx,P36,0.836,0.007,-2.938,0.081,0.004
pythia-410m,TREx,P361,0.924,0.485,-0.034,0.175,0.163
pythia-410m,TREx,P364,0.875,0.158,0.123,0.18,0.181
pythia-410m,TREx,P37,0.884,0.649,-0.369,0.512,0.424
pythia-410m,TREx,P39,0.921,0.388,2.704,0.009,0.028
pythia-410m,TREx,P407,0.911,0.277,-0.079,0.021,0.029
pythia-410m,TREx,P449,0.977,0.58,0.146,0.294,0.254
pythia-410m,TREx,P463,0.947,0.676,1.043,0.507,0.693
pythia-410m,TREx,P47,0.895,0.6,0.123,0.059,0.06
pythia-410m,TREx,P495,0.866,0.063,0.571,0.022,0.081
pythia-410m,TREx,P527,0.906,0.418,0.056,0.181,0.193
pythia-410m,TREx,P530,0.964,0.609,-0.467,0.031,0.027
pythia-410m,TREx,P740,0.881,0.142,0.621,0.0,0.018
pythia-410m,TREx,P937,0.941,0.284,-0.837,0.232,0.114
bert-base-cased,GoogleRE,date_of_birth,0.712,0.011,-0.249,0.016,0.009
bert-base-cased,GoogleRE,place_of_birth,0.893,0.112,-0.581,0.149,0.058
bert-base-cased,GoogleRE,place_of_death,0.898,0.217,-1.613,0.131,0.016
bert-base-cased,TREx,P1001,0.94,0.887,-0.172,0.705,0.692
bert-base-cased,TREx,P101,0.981,0.605,0.036,0.099,0.095
bert-base-cased,TREx,P103,0.567,0.0,-4.734,0.722,0.0
bert-base-cased,TREx,P106,0.936,0.838,0.077,0.006,0.007
bert-base-cased,TREx,P108,0.928,0.141,-1.774,0.068,0.052
bert-base-cased,TREx,P127,0.945,0.59,0.08,0.348,0.429
bert-base-cased,TREx,P1303,0.739,0.027,0.307,0.076,0.009
bert-base-cased,TREx,P131,0.902,0.58,0.167,0.233,0.246
bert-base-cased,TREx,P136,0.912,0.526,-0.77,0.008,0.002
bert-base-cased,TREx,P1376,0.961,0.915,-0.122,0.739,0.701
bert-base-cased,TREx,P138,0.965,0.788,0.29,0.616,0.575
bert-base-cased,TREx,P140,0.939,0.816,0.033,0.006,0.008
bert-base-cased,TREx,P1412,0.947,0.212,-0.444,0.65,0.144
bert-base-cased,TREx,P159,0.804,0.398,-0.389,0.324,0.255
bert-base-cased,TREx,P17,0.88,0.659,0.182,0.313,0.349
bert-base-cased,TREx,P176,0.9,0.867,-0.167,0.856,0.832
bert-base-cased,TREx,P178,0.899,0.716,0.087,0.628,0.662
bert-base-cased,TREx,P19,0.893,0.132,-0.777,0.211,0.04
bert-base-cased,TREx,P190,0.992,0.892,-0.043,0.024,0.02
bert-base-cased,TREx,P20,0.899,0.203,-1.694,0.279,0.076
bert-base-cased,TREx,P264,0.875,0.492,0.325,0.096,0.121
bert-base-cased,TREx,P27,0.923,0.613,-1.45,0.0,0.0
bert-base-cased,TREx,P276,0.912,0.656,-0.257,0.415,0.355
bert-base-cased,TREx,P279,0.967,0.753,0.141,0.307,0.349
bert-base-cased,TREx,P30,0.877,0.495,-0.129,0.254,0.168
bert-base-cased,TREx,P31,0.876,0.465,-0.355,0.367,0.315
bert-base-cased,TREx,P36,0.633,0.172,-3.348,0.622,0.169
bert-base-cased,TREx,P361,0.927,0.558,0.161,0.236,0.2
bert-base-cased,TREx,P364,0.716,0.013,-4.35,0.445,0.008
bert-base-cased,TREx,P37,0.761,0.811,0.08,0.546,0.54
bert-base-cased,TREx,P39,0.924,0.476,0.951,0.08,0.136
bert-base-cased,TREx,P407,0.894,0.779,0.385,0.642,0.636
bert-base-cased,TREx,P413,0.86,0.403,-3.929,0.005,0.0
bert-base-cased,TREx,P449,0.919,0.595,-0.17,0.209,0.103
bert-base-cased,TREx,P463,0.928,0.947,-0.328,0.671,0.693
bert-base-cased,TREx,P47,0.964,0.702,-0.301,0.137,0.118
bert-base-cased,TREx,P495,0.849,0.439,0.25,0.287,0.277
bert-base-cased,TREx,P527,0.891,0.345,0.354,0.112,0.088
bert-base-cased,TREx,P530,0.979,0.743,-0.023,0.028,0.029
bert-base-cased,TREx,P740,0.828,0.313,-0.723,0.089,0.03
bert-base-cased,TREx,P937,0.933,0.613,-0.728,0.298,0.189
bert-large-cased,GoogleRE,date_of_birth,0.575,0.003,-0.236,0.015,0.007
bert-large-cased,GoogleRE,place_of_birth,0.883,0.201,-0.435,0.161,0.074
bert-large-cased,GoogleRE,place_of_death,0.87,0.132,-1.848,0.14,0.004
bert-large-cased,TREx,P1001,0.932,0.884,0.023,0.733,0.762
bert-large-cased,TREx,P101,0.948,0.42,-0.091,0.115,0.092
bert-large-cased,TREx,P103,0.579,0.005,-6.11,0.782,0.005
bert-large-cased,TREx,P106,0.94,0.568,0.5,0.006,0.021
bert-large-cased,TREx,P108,0.921,0.227,0.967,0.016,0.034
bert-large-cased,TREx,P127,0.938,0.537,0.391,0.348,0.461
bert-large-cased,TREx,P1303,0.545,0.043,-1.72,0.125,0.035
bert-large-cased,TREx,P131,0.861,0.496,0.205,0.263,0.289
bert-large-cased,TREx,P136,0.9,0.393,-0.564,0.013,0.013
bert-large-cased,TREx,P1376,0.936,0.91,-0.047,0.821,0.795
bert-large-cased,TREx,P138,0.96,0.654,1.248,0.451,0.456
bert-large-cased,TREx,P140,0.902,0.49,-0.356,0.006,0.011
bert-large-cased,TREx,P1412,0.923,0.603,-0.356,0.636,0.61
bert-large-cased,TREx,P159,0.753,0.476,-0.843,0.347,0.262
bert-large-cased,TREx,P17,0.818,0.5,-0.441,0.365,0.3
bert-large-cased,TREx,P176,0.934,0.914,0.083,0.875,0.891
bert-large-cased,TREx,P178,0.91,0.892,0.201,0.708,0.716
bert-large-cased,TREx,P19,0.88,0.224,-0.609,0.222,0.068
bert-large-cased,TREx,P190,0.986,0.887,-0.336,0.023,0.026
bert-large-cased,TREx,P20,0.878,0.105,-2.017,0.317,0.024
bert-large-cased,TREx,P264,0.82,0.41,0.399,0.082,0.14
bert-large-cased,TREx,P27,0.909,0.673,0.044,0.0,0.0
bert-large-cased,TREx,P276,0.865,0.544,-0.548,0.438,0.36
bert-large-cased,TREx,P279,0.931,0.662,0.175,0.336,0.396
bert-large-cased,TREx,P30,0.759,0.338,-0.949,0.28,0.137
bert-large-cased,TREx,P31,0.873,0.405,-0.31,0.303,0.264
bert-large-cased,TREx,P36,0.318,0.0,-9.978,0.67,0.0
bert-large-cased,TREx,P361,0.906,0.488,-0.566,0.274,0.21
bert-large-cased,TREx,P364,0.598,0.002,-8.448,0.511,0.002
bert-large-cased,TREx,P37,0.836,0.855,0.111,0.615,0.616
bert-large-cased,TREx,P39,0.867,0.512,1.642,0.047,0.074
bert-large-cased,TREx,P407,0.866,0.756,0.246,0.623,0.666
bert-large-cased,TREx,P413,0.845,0.08,-5.129,0.041,0.005
bert-large-cased,TREx,P449,0.894,0.371,-0.245,0.24,0.131
bert-large-cased,TREx,P463,0.917,0.778,0.048,0.613,0.68
bert-large-cased,TREx,P47,0.951,0.717,-0.082,0.182,0.167
bert-large-cased,TREx,P495,0.802,0.426,-0.22,0.35,0.292
bert-large-cased,TREx,P527,0.876,0.4,0.371,0.107,0.114
bert-large-cased,TREx,P530,0.983,0.726,-0.011,0.027,0.03
bert-large-cased,TREx,P740,0.789,0.224,-0.933,0.079,0.03
bert-large-cased,TREx,P937,0.896,0.526,-0.179,0.249,0.122
